symbol,title,link,publisher,sentimentScore,publishedAt
BBL.BK,Walmart vs. Amazon: Which Trillion-Dollar Stock Is a Better Buy Right Now?,https://finance.yahoo.com/m/04428890-e15b-37d8-b1ca-1de2106003e6/walmart-vs.-amazon%3A-which.html,Motley Fool,0.5574,2026-02-22 07:05:00
BBL.BK,Barclays Lowers its Price Target on Ralliant Corporation (RAL) to $52 and Maintains an Overweight Rating,https://finance.yahoo.com/news/barclays-lowers-price-target-ralliant-064536915.html,Insider Monkey,-0.4588,2026-02-22 06:45:36
BBL.BK,Amazon brings a new Audible feature that lets you enjoy ebooks with lyrical reading,https://finance.yahoo.com/m/1205f916-d58c-3940-b021-b4a5d5ad0fcb/amazon-brings-a-new-audible.html,Digital Trends,0.5994,2026-02-22 06:45:14
BBL.BK,A Friendlier Regulatory Environment May Be on the Horizon for These 2 Energy Stocks as the Trump Administration Rolls Back Greenhouse Gas Regulation,https://finance.yahoo.com/m/fe07e96b-bae2-3ece-9ea3-26915f6cb8c8/a-friendlier-regulatory.html,Motley Fool,0.6249,2026-02-22 06:35:00
BBL.BK,"Got $10,000? Axsome Therapeutics Could Be a Mental‑Health Moonshot by 2036",https://finance.yahoo.com/m/cc4a4c8b-abf1-31a0-ad0e-a284ee357274/got-%2410%2C000%3F-axsome.html,Motley Fool,0.0,2026-02-22 06:20:00
BBL.BK,Vital Farms Executive Sells 20k Shares Amid Social Media Backlash Surrounding Company,https://finance.yahoo.com/m/8bedba95-b528-3520-afc6-2f8bea529490/vital-farms-executive-sells.html,Motley Fool,0.5267,2026-02-22 06:19:38
BBL.BK,Australia threatens countermeasures as Trump’s global tariffs hit 15%,https://finance.yahoo.com/news/australia-threatens-countermeasures-trump-global-061024070.html,Investing.com,-0.3818,2026-02-22 06:10:24
BBL.BK,Enphase Energy Director Sells 1100 Shares After Strong Earnings,https://finance.yahoo.com/m/ff7f0fdd-0c58-345e-bbe1-289d74b86fd5/enphase-energy-director-sells.html,Motley Fool,0.765,2026-02-22 06:01:01
SCB.BK,Walmart vs. Amazon: Which Trillion-Dollar Stock Is a Better Buy Right Now?,https://finance.yahoo.com/m/04428890-e15b-37d8-b1ca-1de2106003e6/walmart-vs.-amazon%3A-which.html,Motley Fool,0.5574,2026-02-22 07:05:00
SCB.BK,Barclays Lowers its Price Target on Ralliant Corporation (RAL) to $52 and Maintains an Overweight Rating,https://finance.yahoo.com/news/barclays-lowers-price-target-ralliant-064536915.html,Insider Monkey,-0.4588,2026-02-22 06:45:36
SCB.BK,Amazon brings a new Audible feature that lets you enjoy ebooks with lyrical reading,https://finance.yahoo.com/m/1205f916-d58c-3940-b021-b4a5d5ad0fcb/amazon-brings-a-new-audible.html,Digital Trends,0.5994,2026-02-22 06:45:14
SCB.BK,A Friendlier Regulatory Environment May Be on the Horizon for These 2 Energy Stocks as the Trump Administration Rolls Back Greenhouse Gas Regulation,https://finance.yahoo.com/m/fe07e96b-bae2-3ece-9ea3-26915f6cb8c8/a-friendlier-regulatory.html,Motley Fool,0.6249,2026-02-22 06:35:00
SCB.BK,"Got $10,000? Axsome Therapeutics Could Be a Mental‑Health Moonshot by 2036",https://finance.yahoo.com/m/cc4a4c8b-abf1-31a0-ad0e-a284ee357274/got-%2410%2C000%3F-axsome.html,Motley Fool,0.0,2026-02-22 06:20:00
SCB.BK,Vital Farms Executive Sells 20k Shares Amid Social Media Backlash Surrounding Company,https://finance.yahoo.com/m/8bedba95-b528-3520-afc6-2f8bea529490/vital-farms-executive-sells.html,Motley Fool,0.5267,2026-02-22 06:19:38
SCB.BK,Australia threatens countermeasures as Trump’s global tariffs hit 15%,https://finance.yahoo.com/news/australia-threatens-countermeasures-trump-global-061024070.html,Investing.com,-0.3818,2026-02-22 06:10:24
SCB.BK,Enphase Energy Director Sells 1100 Shares After Strong Earnings,https://finance.yahoo.com/m/ff7f0fdd-0c58-345e-bbe1-289d74b86fd5/enphase-energy-director-sells.html,Motley Fool,0.765,2026-02-22 06:01:01
KTB.BK,Walmart vs. Amazon: Which Trillion-Dollar Stock Is a Better Buy Right Now?,https://finance.yahoo.com/m/04428890-e15b-37d8-b1ca-1de2106003e6/walmart-vs.-amazon%3A-which.html,Motley Fool,0.5574,2026-02-22 07:05:00
KTB.BK,Barclays Lowers its Price Target on Ralliant Corporation (RAL) to $52 and Maintains an Overweight Rating,https://finance.yahoo.com/news/barclays-lowers-price-target-ralliant-064536915.html,Insider Monkey,-0.4588,2026-02-22 06:45:36
KTB.BK,Amazon brings a new Audible feature that lets you enjoy ebooks with lyrical reading,https://finance.yahoo.com/m/1205f916-d58c-3940-b021-b4a5d5ad0fcb/amazon-brings-a-new-audible.html,Digital Trends,0.5994,2026-02-22 06:45:14
KTB.BK,A Friendlier Regulatory Environment May Be on the Horizon for These 2 Energy Stocks as the Trump Administration Rolls Back Greenhouse Gas Regulation,https://finance.yahoo.com/m/fe07e96b-bae2-3ece-9ea3-26915f6cb8c8/a-friendlier-regulatory.html,Motley Fool,0.6249,2026-02-22 06:35:00
KTB.BK,"Got $10,000? Axsome Therapeutics Could Be a Mental‑Health Moonshot by 2036",https://finance.yahoo.com/m/cc4a4c8b-abf1-31a0-ad0e-a284ee357274/got-%2410%2C000%3F-axsome.html,Motley Fool,0.0,2026-02-22 06:20:00
KTB.BK,Vital Farms Executive Sells 20k Shares Amid Social Media Backlash Surrounding Company,https://finance.yahoo.com/m/8bedba95-b528-3520-afc6-2f8bea529490/vital-farms-executive-sells.html,Motley Fool,0.5267,2026-02-22 06:19:38
KTB.BK,Australia threatens countermeasures as Trump’s global tariffs hit 15%,https://finance.yahoo.com/news/australia-threatens-countermeasures-trump-global-061024070.html,Investing.com,-0.3818,2026-02-22 06:10:24
KTB.BK,Enphase Energy Director Sells 1100 Shares After Strong Earnings,https://finance.yahoo.com/m/ff7f0fdd-0c58-345e-bbe1-289d74b86fd5/enphase-energy-director-sells.html,Motley Fool,0.765,2026-02-22 06:01:01
BBL.BK,Bank of Hawaii Director Sells All Shares in His Trust After CEO Announces Retirement,https://finance.yahoo.com/m/a0c39917-1d68-3919-83d7-bd5e55c17f3b/bank-of-hawaii-director-sells.html,Motley Fool,0.6705,2026-02-22 12:32:52
BBL.BK,Pursuit (PRSU) to Sell Flyover Business for $78.4M in Strategic Divestiture,https://finance.yahoo.com/news/pursuit-prsu-sell-flyover-business-123129187.html,Insider Monkey,0.0,2026-02-22 12:31:29
BBL.BK,"Stifel Raises Lindblad Expeditions Holdings, Inc. (LIND) Price Target to $23, Reaffirms Buy",https://finance.yahoo.com/news/stifel-raises-lindblad-expeditions-holdings-123109756.html,Insider Monkey,0.0,2026-02-22 12:31:09
BBL.BK,"Ross Gerber Says 'Things Don't Seem To Be Improving' Amid Robotaxi Crashes, Says Tesla May Need To Make 'Hardware Adjustments'",https://finance.yahoo.com/news/ross-gerber-says-things-dont-123108691.html,Benzinga,0.4215,2026-02-22 12:31:08
BBL.BK,Morgan Stanley Raises Travel + Leisure (TNL) Price Target to $80,https://finance.yahoo.com/news/morgan-stanley-raises-travel-leisure-123059339.html,Insider Monkey,0.0,2026-02-22 12:30:59
SCB.BK,Bank of Hawaii Director Sells All Shares in His Trust After CEO Announces Retirement,https://finance.yahoo.com/m/a0c39917-1d68-3919-83d7-bd5e55c17f3b/bank-of-hawaii-director-sells.html,Motley Fool,0.6705,2026-02-22 12:32:52
SCB.BK,Pursuit (PRSU) to Sell Flyover Business for $78.4M in Strategic Divestiture,https://finance.yahoo.com/news/pursuit-prsu-sell-flyover-business-123129187.html,Insider Monkey,0.0,2026-02-22 12:31:29
SCB.BK,"Stifel Raises Lindblad Expeditions Holdings, Inc. (LIND) Price Target to $23, Reaffirms Buy",https://finance.yahoo.com/news/stifel-raises-lindblad-expeditions-holdings-123109756.html,Insider Monkey,0.0,2026-02-22 12:31:09
SCB.BK,"Ross Gerber Says 'Things Don't Seem To Be Improving' Amid Robotaxi Crashes, Says Tesla May Need To Make 'Hardware Adjustments'",https://finance.yahoo.com/news/ross-gerber-says-things-dont-123108691.html,Benzinga,0.4215,2026-02-22 12:31:08
SCB.BK,Morgan Stanley Raises Travel + Leisure (TNL) Price Target to $80,https://finance.yahoo.com/news/morgan-stanley-raises-travel-leisure-123059339.html,Insider Monkey,0.0,2026-02-22 12:30:59
KTB.BK,Bank of Hawaii Director Sells All Shares in His Trust After CEO Announces Retirement,https://finance.yahoo.com/m/a0c39917-1d68-3919-83d7-bd5e55c17f3b/bank-of-hawaii-director-sells.html,Motley Fool,0.6705,2026-02-22 12:32:52
KTB.BK,Pursuit (PRSU) to Sell Flyover Business for $78.4M in Strategic Divestiture,https://finance.yahoo.com/news/pursuit-prsu-sell-flyover-business-123129187.html,Insider Monkey,0.0,2026-02-22 12:31:29
KTB.BK,"Stifel Raises Lindblad Expeditions Holdings, Inc. (LIND) Price Target to $23, Reaffirms Buy",https://finance.yahoo.com/news/stifel-raises-lindblad-expeditions-holdings-123109756.html,Insider Monkey,0.0,2026-02-22 12:31:09
KTB.BK,"Ross Gerber Says 'Things Don't Seem To Be Improving' Amid Robotaxi Crashes, Says Tesla May Need To Make 'Hardware Adjustments'",https://finance.yahoo.com/news/ross-gerber-says-things-dont-123108691.html,Benzinga,0.4215,2026-02-22 12:31:08
KTB.BK,Morgan Stanley Raises Travel + Leisure (TNL) Price Target to $80,https://finance.yahoo.com/news/morgan-stanley-raises-travel-leisure-123059339.html,Insider Monkey,0.0,2026-02-22 12:30:59
BBL.BK,EU trade chief urges pause on US deal approval amid Trump tariff uncertainty,https://finance.yahoo.com/m/6dfcc4f3-f1cb-3f9e-8293-6d3a033fc358/eu-trade-chief-urges-pause-on.html,Investing.com,0.1779,2026-02-22 12:51:36
BBL.BK,"Nvidia earnings, SCOTUS tariff fallout, geopolitical tensions rise: What to watch this week",https://finance.yahoo.com/news/nvidia-earnings-scotus-tariff-fallout-geopolitical-tensions-rise-what-to-watch-this-week-124717965.html,Yahoo Finance,-0.4019,2026-02-22 12:47:17
BBL.BK,Kirby Corp's CIO Sells Nearly 4k Shares As Company Elects New Board Director,https://finance.yahoo.com/m/17834c4a-cf01-366e-b9c2-c63ea4c3c146/kirby-corp%27s-cio-sells-nearly.html,Motley Fool,0.296,2026-02-22 12:47:13
BBL.BK,"Move Over, Upstart: Here's a Way Better Stock to Buy Today",https://finance.yahoo.com/m/8d7334fd-cf10-3551-9aa9-2ed6c7022049/move-over%2C-upstart%3A-here%27s-a.html,Motley Fool,0.4404,2026-02-22 12:46:00
BBL.BK,Gold falls nearly $1K from historic highs before rising again. How to safely diversify a portfolio with precious metals,https://finance.yahoo.com/news/gold-falls-nearly-1k-historic-124500284.html,Moneywise,0.7845,2026-02-22 12:45:00
BBL.BK,"Viral AI agent bans ‘Bitcoin,' ‘crypto’ mentions",https://finance.yahoo.com/m/ec7edd8c-6929-361f-a2be-e1462bb280ef/viral-ai-agent-bans.html,TheStreet,0.0,2026-02-22 12:39:06
BBL.BK,How Much a Middle-Class Couple Could Lose in Annual Benefits From Automatic Social Security Cuts,https://finance.yahoo.com/news/much-middle-class-couple-could-123604908.html,GOBankingRates,0.0258,2026-02-22 12:36:04
BBL.BK,"Bitcoin holds near $68,000 after tariff-driven volatility fades",https://finance.yahoo.com/news/bitcoin-holds-near-68-000-123537155.html,Investing.com,0.0,2026-02-22 12:35:37
SCB.BK,EU trade chief urges pause on US deal approval amid Trump tariff uncertainty,https://finance.yahoo.com/m/6dfcc4f3-f1cb-3f9e-8293-6d3a033fc358/eu-trade-chief-urges-pause-on.html,Investing.com,0.1779,2026-02-22 12:51:36
SCB.BK,"Nvidia earnings, SCOTUS tariff fallout, geopolitical tensions rise: What to watch this week",https://finance.yahoo.com/news/nvidia-earnings-scotus-tariff-fallout-geopolitical-tensions-rise-what-to-watch-this-week-124717965.html,Yahoo Finance,-0.4019,2026-02-22 12:47:17
SCB.BK,Kirby Corp's CIO Sells Nearly 4k Shares As Company Elects New Board Director,https://finance.yahoo.com/m/17834c4a-cf01-366e-b9c2-c63ea4c3c146/kirby-corp%27s-cio-sells-nearly.html,Motley Fool,0.296,2026-02-22 12:47:13
SCB.BK,"Move Over, Upstart: Here's a Way Better Stock to Buy Today",https://finance.yahoo.com/m/8d7334fd-cf10-3551-9aa9-2ed6c7022049/move-over%2C-upstart%3A-here%27s-a.html,Motley Fool,0.4404,2026-02-22 12:46:00
SCB.BK,Gold falls nearly $1K from historic highs before rising again. How to safely diversify a portfolio with precious metals,https://finance.yahoo.com/news/gold-falls-nearly-1k-historic-124500284.html,Moneywise,0.7845,2026-02-22 12:45:00
SCB.BK,"Viral AI agent bans ‘Bitcoin,' ‘crypto’ mentions",https://finance.yahoo.com/m/ec7edd8c-6929-361f-a2be-e1462bb280ef/viral-ai-agent-bans.html,TheStreet,0.0,2026-02-22 12:39:06
SCB.BK,How Much a Middle-Class Couple Could Lose in Annual Benefits From Automatic Social Security Cuts,https://finance.yahoo.com/news/much-middle-class-couple-could-123604908.html,GOBankingRates,0.0258,2026-02-22 12:36:04
SCB.BK,"Bitcoin holds near $68,000 after tariff-driven volatility fades",https://finance.yahoo.com/news/bitcoin-holds-near-68-000-123537155.html,Investing.com,0.0,2026-02-22 12:35:37
KTB.BK,EU trade chief urges pause on US deal approval amid Trump tariff uncertainty,https://finance.yahoo.com/m/6dfcc4f3-f1cb-3f9e-8293-6d3a033fc358/eu-trade-chief-urges-pause-on.html,Investing.com,0.1779,2026-02-22 12:51:36
KTB.BK,"Nvidia earnings, SCOTUS tariff fallout, geopolitical tensions rise: What to watch this week",https://finance.yahoo.com/news/nvidia-earnings-scotus-tariff-fallout-geopolitical-tensions-rise-what-to-watch-this-week-124717965.html,Yahoo Finance,-0.4019,2026-02-22 12:47:17
KTB.BK,Kirby Corp's CIO Sells Nearly 4k Shares As Company Elects New Board Director,https://finance.yahoo.com/m/17834c4a-cf01-366e-b9c2-c63ea4c3c146/kirby-corp%27s-cio-sells-nearly.html,Motley Fool,0.296,2026-02-22 12:47:13
KTB.BK,"Move Over, Upstart: Here's a Way Better Stock to Buy Today",https://finance.yahoo.com/m/8d7334fd-cf10-3551-9aa9-2ed6c7022049/move-over%2C-upstart%3A-here%27s-a.html,Motley Fool,0.4404,2026-02-22 12:46:00
KTB.BK,Gold falls nearly $1K from historic highs before rising again. How to safely diversify a portfolio with precious metals,https://finance.yahoo.com/news/gold-falls-nearly-1k-historic-124500284.html,Moneywise,0.7845,2026-02-22 12:45:00
KTB.BK,"Viral AI agent bans ‘Bitcoin,' ‘crypto’ mentions",https://finance.yahoo.com/m/ec7edd8c-6929-361f-a2be-e1462bb280ef/viral-ai-agent-bans.html,TheStreet,0.0,2026-02-22 12:39:06
KTB.BK,How Much a Middle-Class Couple Could Lose in Annual Benefits From Automatic Social Security Cuts,https://finance.yahoo.com/news/much-middle-class-couple-could-123604908.html,GOBankingRates,0.0258,2026-02-22 12:36:04
KTB.BK,"Bitcoin holds near $68,000 after tariff-driven volatility fades",https://finance.yahoo.com/news/bitcoin-holds-near-68-000-123537155.html,Investing.com,0.0,2026-02-22 12:35:37
BBL.BK,American Homes 4 Rent Q4 Earnings Call Highlights,https://finance.yahoo.com/m/dee2e4dd-96cf-3622-ab4a-4fb5f393ca35/american-homes-4-rent-q4.html,MarketBeat,0.0,2026-02-23 01:09:25
BBL.BK,Stahla Services Unveils Heavy-Duty Specialty Trailer Products for Industrial Job Sites,https://finance.yahoo.com/news/stahla-services-unveils-heavy-duty-010800253.html,PR Newswire,0.0,2026-02-23 01:08:00
BBL.BK,Inseego Corp (INSG) Q4 2025 Earnings Call Highlights: Strong Revenue Growth and Strategic ...,https://finance.yahoo.com/news/inseego-corp-insg-q4-2025-010026556.html,GuruFocus.com,0.7096,2026-02-23 01:00:26
BBL.BK,Ganesh Benzoplast Ltd (BOM:500153) Q3 2026 Earnings Call Highlights: Revenue Growth Amid Profit ...,https://finance.yahoo.com/news/ganesh-benzoplast-ltd-bom-500153-010019516.html,GuruFocus.com,0.6705,2026-02-23 01:00:19
BBL.BK,Zaptec ASA (FRA:6I4) Q4 2025 Earnings Call Highlights: Record Revenue and Strategic Growth Plans,https://finance.yahoo.com/news/zaptec-asa-fra-6i4-q4-010016990.html,GuruFocus.com,0.3818,2026-02-23 01:00:16
BBL.BK,Tune Talk Becomes ASEAN’s First Fully Cloud-Native Mobile Network Operator with Mavenir,https://finance.yahoo.com/news/tune-talk-becomes-asean-first-010000664.html,GlobeNewswire,0.0,2026-02-23 01:00:00
BBL.BK,"Agoda and China Airlines Enhance Travel Rewards with New Hotel Booking Platform, StayMiles",https://finance.yahoo.com/news/agoda-china-airlines-enhance-travel-010000285.html,PR Newswire,0.4767,2026-02-23 01:00:00
BBL.BK,VINSSEN and MANA Engineering Sign MOU to Develop Hydrogen Fuel Cell Retrofit for 800 TEU Feeder Vessel,https://finance.yahoo.com/news/vinssen-mana-engineering-sign-mou-010000696.html,PR Newswire,0.0,2026-02-23 01:00:00
SCB.BK,American Homes 4 Rent Q4 Earnings Call Highlights,https://finance.yahoo.com/m/dee2e4dd-96cf-3622-ab4a-4fb5f393ca35/american-homes-4-rent-q4.html,MarketBeat,0.0,2026-02-23 01:09:25
SCB.BK,Stahla Services Unveils Heavy-Duty Specialty Trailer Products for Industrial Job Sites,https://finance.yahoo.com/news/stahla-services-unveils-heavy-duty-010800253.html,PR Newswire,0.0,2026-02-23 01:08:00
SCB.BK,Inseego Corp (INSG) Q4 2025 Earnings Call Highlights: Strong Revenue Growth and Strategic ...,https://finance.yahoo.com/news/inseego-corp-insg-q4-2025-010026556.html,GuruFocus.com,0.7096,2026-02-23 01:00:26
SCB.BK,Ganesh Benzoplast Ltd (BOM:500153) Q3 2026 Earnings Call Highlights: Revenue Growth Amid Profit ...,https://finance.yahoo.com/news/ganesh-benzoplast-ltd-bom-500153-010019516.html,GuruFocus.com,0.6705,2026-02-23 01:00:19
SCB.BK,Zaptec ASA (FRA:6I4) Q4 2025 Earnings Call Highlights: Record Revenue and Strategic Growth Plans,https://finance.yahoo.com/news/zaptec-asa-fra-6i4-q4-010016990.html,GuruFocus.com,0.3818,2026-02-23 01:00:16
SCB.BK,Tune Talk Becomes ASEAN’s First Fully Cloud-Native Mobile Network Operator with Mavenir,https://finance.yahoo.com/news/tune-talk-becomes-asean-first-010000664.html,GlobeNewswire,0.0,2026-02-23 01:00:00
SCB.BK,"Agoda and China Airlines Enhance Travel Rewards with New Hotel Booking Platform, StayMiles",https://finance.yahoo.com/news/agoda-china-airlines-enhance-travel-010000285.html,PR Newswire,0.4767,2026-02-23 01:00:00
SCB.BK,VINSSEN and MANA Engineering Sign MOU to Develop Hydrogen Fuel Cell Retrofit for 800 TEU Feeder Vessel,https://finance.yahoo.com/news/vinssen-mana-engineering-sign-mou-010000696.html,PR Newswire,0.0,2026-02-23 01:00:00
KTB.BK,American Homes 4 Rent Q4 Earnings Call Highlights,https://finance.yahoo.com/m/dee2e4dd-96cf-3622-ab4a-4fb5f393ca35/american-homes-4-rent-q4.html,MarketBeat,0.0,2026-02-23 01:09:25
KTB.BK,Stahla Services Unveils Heavy-Duty Specialty Trailer Products for Industrial Job Sites,https://finance.yahoo.com/news/stahla-services-unveils-heavy-duty-010800253.html,PR Newswire,0.0,2026-02-23 01:08:00
KTB.BK,Inseego Corp (INSG) Q4 2025 Earnings Call Highlights: Strong Revenue Growth and Strategic ...,https://finance.yahoo.com/news/inseego-corp-insg-q4-2025-010026556.html,GuruFocus.com,0.7096,2026-02-23 01:00:26
KTB.BK,Ganesh Benzoplast Ltd (BOM:500153) Q3 2026 Earnings Call Highlights: Revenue Growth Amid Profit ...,https://finance.yahoo.com/news/ganesh-benzoplast-ltd-bom-500153-010019516.html,GuruFocus.com,0.6705,2026-02-23 01:00:19
KTB.BK,Zaptec ASA (FRA:6I4) Q4 2025 Earnings Call Highlights: Record Revenue and Strategic Growth Plans,https://finance.yahoo.com/news/zaptec-asa-fra-6i4-q4-010016990.html,GuruFocus.com,0.3818,2026-02-23 01:00:16
KTB.BK,Tune Talk Becomes ASEAN’s First Fully Cloud-Native Mobile Network Operator with Mavenir,https://finance.yahoo.com/news/tune-talk-becomes-asean-first-010000664.html,GlobeNewswire,0.0,2026-02-23 01:00:00
KTB.BK,"Agoda and China Airlines Enhance Travel Rewards with New Hotel Booking Platform, StayMiles",https://finance.yahoo.com/news/agoda-china-airlines-enhance-travel-010000285.html,PR Newswire,0.4767,2026-02-23 01:00:00
KTB.BK,VINSSEN and MANA Engineering Sign MOU to Develop Hydrogen Fuel Cell Retrofit for 800 TEU Feeder Vessel,https://finance.yahoo.com/news/vinssen-mana-engineering-sign-mou-010000696.html,PR Newswire,0.0,2026-02-23 01:00:00
